title,stars,total_reviews,price
"Apple iPhone 12 (256GB, White) [Locked] + Carrier Subscription",4.2,134.0,749.94
"Apple iPhone 12 Pro (128GB, Graphite) [Locked] + Carrier Subscription",4.0,149.0,745.23
"Apple iPhone 11, 64GB, Black - Unlocked (Renewed)",4.3,35044.0,308.0
"Apple iPhone 8, 64GB, Gold - Unlocked (Renewed)",4.3,50202.0,145.0
"Apple iPhone XR, 64GB, Black - Unlocked (Renewed)",4.5,57525.0,228.95
"Apple iPhone 12 Mini, 64GB, Black - Unlocked (Renewed)",4.3,4581.0,319.0
"Apple iPhone SE (2nd Generation), US Version, 128GB, Black - Unlocked (Renewed)",4.4,9392.0,170.0
"iPhone 13, 128GB, Pink - Unlocked (Renewed Premium)",4.2,137.0,668.0
"Apple iPhone XS, 64GB, Gold - Fully Unlocked (Renewed)",4.3,19127.0,235.0
"Apple iPhone 12, 64GB, Green - Fully Unlocked (Renewed)",4.3,6687.0,399.0
"Apple iPhone 11 Pro Max, 64GB, Space Gray - Unlocked (Renewed)",4.3,13027.0,414.07
"iPhone 13 Pro Max, 128GB, Gold - Unlocked (Renewed Premium)",4.1,308.0,
"Apple iPhone X, US Version, 64GB, Silver - Unlocked (Renewed)",4.2,22747.0,224.95
"Apple iPhone 14, 128GB, Midnight - Unlocked (Renewed)",4.1,93.0,675.0
"Apple iPhone 13 Mini, 128GB, Blue - Unlocked (Renewed)",4.5,953.0,569.99
"Apple iPhone XS Max, US Version, 64GB, Space Gray - Unlocked (Renewed)",4.4,14451.0,293.0
"Apple iPhone 13, 256GB, Red - Unlocked (Renewed)",4.4,1489.0,649.49
"Apple Iphone X, 256GB, Space Gray - Fully Unlocked (Renewed)",4.2,1770.0,255.0
"Apple Iphone X, 256GB, Space Gray - Fully Unlocked (Renewed)",4.2,1770.0,255.0
"Apple iPhone 14 Plus, 128GB, Midnight - Unlocked (Renewed)",4.3,47.0,708.97
Azumi iPhone 6S 16GB Unlocked ATT Tmobile - Gray,3.5,71.0,92.34
"Apple iPhone SE 3rd Gen, 64GB, Midnight - Unlocked (Renewed)",4.6,242.0,277.75
"Apple iPhone 12 Pro, 256GB, Pacific Blue - Unlocked (Renewed Premium)",4.3,131.0,705.0
"Apple iPhone 12 Pro, 256GB, Graphite - Unlocked (Renewed Premium)",4.2,87.0,
"Apple iPhone 14 Pro Max, 128GB, Deep Purple - Unlocked (Renewed)",4.1,41.0,1057.97
Apple iPhone SE 16GB Unlocked Gray 2016 (Gen 1),3.6,240.0,102.09
"iPhone 13 Pro, 128GB, Sierra Blue - Unlocked (Renewed Premium)",4.3,324.0,854.0
"Azumi iPhone SE 64GB Unlocked, 2016 1st Gen, Silver (IPSE64)",3.7,126.0,117.61
"Apple iPhone 13 (128GB, Pink) [Locked] + Carrier Subscription",3.9,18.0,829.0
"Apple iPhone 13 Pro Max, 256GB, Sierra Blue - Unlocked (Renewed)",4.4,1026.0,929.95
"Apple iPhone 13 Pro Max (1TB, Sierra Blue) [Locked] + Carrier Subscription",4.3,13.0,1599.0
"Apple iPhone 8 Plus, 64GB, Space Gray - Unlocked (Renewed)",4.4,25185.0,176.89
"Apple iPhone X, 256GB, Silver - For GSM (Renewed)",4.2,1373.0,258.39
"Apple iPhone 8 Plus, 256GB, Space Gray - For AT&T / T-Mobile (Renewed)",4.3,1097.0,224.0
Apple iPhone 8 a1905 256GB GSM Unlocked (Renewed),4.2,198.0,163.0
"Apple iPhone 11, 128GB, Red - Fully Unlocked (Renewed Premium)",4.4,1971.0,452.0
"Apple iPhone 13 Pro, 256GB, Sierra Blue - Unlocked (Renewed)",4.2,698.0,878.7
"Apple iPhone 13 Pro (256GB, Gold) [Locked] + Carrier Subscription",4.7,3.0,1099.0
"Apple iPhone 14 Pro, 256GB, Gold - Unlocked (Renewed)",4.1,39.0,1027.0
"Apple iPhone 12 Pro Max, 128GB, Graphite - Unlocked (Renewed Premium)",4.6,201.0,710.0
"Apple iPhone 11 [128GB, White] + Carrier Subscription [Cricket Wireless]",4.4,244.0,658.43
Apple iPhone 11 64GB - Unlocked - 6.1-inch - White (Renewed),4.6,174.0,338.99
"Apple iPhone 11 (64GB, Green) [Locked] + Carrier Subscription (Renewed)",0.0,,289.99
"Apple iPhone 11 Pro Max [256GB, Gold] + Carrier Subscription [Cricket Wireless]",3.9,62.0,770.03
"Apple iPhone 13 Mini (512GB, Blue) [Locked] + Carrier Subscription",0.0,,1029.0
"Apple iPhone 12 Mini, 64GB, Black - Unlocked (Renewed Premium)",4.2,41.0,422.2
"Apple iPhone 12 Pro (128GB, Graphite) [Locked] + Carrier Subscription",4.0,149.0,745.23
"Apple iPhone XR (128GB, Blue) [Locked] + Carrier Subscription",4.3,82.0,490.65
"Apple iPhone 12 (256GB, Purple) [Locked] + Carrier Subscription",4.2,134.0,729.48
"Apple iPhone 11 Pro Max (256GB, Midnight Green) - AT&T/T-Mobile Unlocked (Renewed)",3.5,4.0,535.9
"Apple iPhone 12 Pro, 128GB, Gold - Unlocked (Renewed Premium)",3.9,76.0,619.99
"Apple iPhone 12 Pro, 128GB, Pacific Blue - Unlocked (Renewed Premium)",4.2,204.0,
"Apple iPhone 12 Pro Max, 128GB, Gold - Unlocked (Renewed Premium)",4.5,161.0,710.0
"Apple iPhone XS, US Version, 64GB, Space Gray - AT&T (Renewed)",4.4,467.0,232.95
"Apple 2022 iPhone SE (64 GB, (Product) RED) [Locked] + Carrier Subscription",5.0,1.0,429.0
Used iPhone 6 A1549 16GB Unlocked - Space Grey,3.6,8.0,
Apple Simple Mobile Prepaid - Apple iPhone 7 (32GB) - Black,4.3,560.0,199.99
"Apple iPhone 8 Plus (64GB, Silver) [Locked] + Carrier Subscription",3.6,16.0,278.42
Azumi iPhone 6S 64GB Unlocked ATT Tmobile Verizon - Gray,3.3,13.0,
"Apple iPhone 12 Pro Max, 512GB, Graphite - Unlocked (Renewed Premium)",4.2,63.0,856.0
"Apple iPhone 11 Pro Max (256GB, Space Gray) - AT&T/T-Mobile Unlocked (Renewed)",4.0,23.0,629.97
"Apple iPhone 12 Pro, 256GB, Silver - Unlocked (Renewed Premium)",3.9,10.0,705.0
"Apple iPhone 11 Pro [256GB, Gold] + Carrier Subscription [Cricket Wireless]",4.1,35.0,546.89
Apple iPhone 8 a1905 256GB AT&T Unlocked (Renewed),4.2,5.0,189.99
"Apple iPhone XR, 64GB, Black for T-Mobile (Renewed)",4.4,158.0,254.96
"Apple iPhone 12 Pro, 128GB, Graphite - Unlocked (Renewed Premium)",4.2,115.0,627.0
"Apple iPhone 8 (256GB, Silver) [Locked] + Carrier Subscription",4.2,10.0,491.7
"Apple iPhone 12 Pro Max (256GB, Graphite) [Locked] + Carrier Subscription",4.3,260.0,846.05
"Azumi iPhone SE 16GB Unlocked, Silver 2016 (Gen 1)",3.6,728.0,
"Mini Smartphone iTiny 12 Pro Max - The World's Smallest 12 Pro Max 4G LTE Android Mobile, Super Small 3"" HD TouchScreen Global Unlocked Great for Kids 3GB RAM / 32GB ROM Tiny iPhone XII Pro Look Alike",2.8,18.0,139.9
"Apple iPhone 12 Mini (256GB, Blue) [Locked] + Carrier Subscription",3.8,55.0,723.06
"Apple Ipad Air 2 64GB Factory Unlocked (Space Gray, Wi-Fi + Cellular 4G) Newest Version (Renewed)",4.2,681.0,195.03
"Apple iPhone 11 64GB, Black - Locked Cricket Wireless (Renewed)",4.2,28.0,322.0
"Apple iPhone 13 Pro Max, 128GB, Alpine Green - AT&T (Renewed)",3.5,7.0,795.3
"Apple iPhone 12 Mini, 128GB, White - Cricket Wireless (Renewed)",0.0,,359.97
"iPhone 13 Mini, 128GB, Pink - Unlocked (Renewed Premium)",4.3,42.0,540.0
"iLight Mini Smartphone 12 Pro - The World's Smallest 12 Pro Android Mobile 4G LTE Phone, Super Small 3"" HD Touch Screen Global Unlocked Great for Kids 3GB RAM / 32GB ROM Tiny iPhone 12 Pro Look Alike",2.7,5.0,169.9
"Apple iPhone SE (128GB, (Product) RED) [Locked] + Carrier Subscription",3.9,54.0,357.12
"Apple iPhone 11 Pro Max (512GB, Gold) - AT&T/T-Mobile Unlocked (Renewed)",5.0,1.0,619.57
"Apple iPhone 8 Plus, 256GB, Silver - T-Mobile (Renewed)",5.0,1.0,
"Apple iPhone 12 Pro Max, 128GB, Silver - Unlocked (Renewed Premium)",4.4,45.0,710.0
"Apple iPhone 12 Mini, 256GB, Black - Unlocked (Renewed Premium)",4.7,4.0,549.22
"Apple iPhone 13 Pro Max, 512GB, Alpine Green - T-Mobile (Renewed)",0.0,,1238.97
"Apple iPhone 8 Plus, 64GB, Silver - For AT&T / T-Mobile (Renewed)",4.3,615.0,250.0
"Apple iPhone 11 Pro Max [64GB, Midnight Green] + Carrier Subscription [Cricket Wireless] (Renewed)",0.0,,389.99
"Apple iPhone XR, Boost Mobile, 64GB - Black (Renewed)",4.3,192.0,
"Apple iPhone 11 Pro Max (256GB, Silver) - AT&T/T-Mobile Unlocked (Renewed)",4.0,12.0,599.95
"Apple iPhone 11 Pro Max, 64GB, Space Gray for GSM Carriers (Renewed)",5.0,2.0,524.95
"Apple iPhone 12 Pro, 256GB, Gold - Unlocked (Renewed Premium)",4.5,33.0,689.0
"Apple iPhone 12, 256GB, White - Unlocked (Renewed Premium)",3.9,10.0,
"Mini Smartphone iLight 11 Pro The World's Smallest 11 Pro Android Mobile Phone, Super Small Micro 2.5"" Touch Screen Global Unlocked Great for Kids 1GB RAM / 8GB ROM Tiny iPhone XI Pro Look Alike",3.2,233.0,69.9
Apple iPhone 7 32GB Silver Unlocked ATT Tmobile,5.0,2.0,
"Apple iPhone 11 Pro Max (256GB, Silver) - AT&T/T-Mobile Unlocked (Renewed)",4.0,12.0,599.95
"Apple iPhone 12 Pro, 256GB, Gold - Unlocked (Renewed Premium)",4.5,33.0,689.0
"Mini Smartphone iLight 11 Pro The World's Smallest 11 Pro Android Mobile Phone, Super Small Micro 2.5"" Touch Screen Global Unlocked Great for Kids 1GB RAM / 8GB ROM Tiny iPhone XI Pro Look Alike",3.2,233.0,69.9
"Apple iPhone 12, 256GB, White - Unlocked (Renewed Premium)",3.9,10.0,
"Apple iPhone 12 Pro, 512GB, Gold - Unlocked (Renewed Premium)",4.6,4.0,775.0
"Apple iPhone XS Max (512GB, Gold) [Locked] + Carrier Subscription",3.3,6.0,728.96
"Apple iPhone 13 Pro Max, 128GB, Alpine Green - T-Mobile (Renewed)",2.7,5.0,805.19
"iLight Mini Smartphone XS, World's Smallest 10+ Android Phone 4G LTE, Super Small 2.5"" Touch Screen. Global Unlocked - Great for Kids. Pocket Phone Gift. 1GB RAM / 8GB ROM. Tiny iPhone 10s Look Alike",2.7,20.0,99.9
"Apple iPhone 12, 64GB, Blue - Unlocked (Renewed Premium)",4.4,101.0,479.99
"Apple iPhone 11 Pro Max (512GB, Space Gray) - AT&T/T-Mobile Unlocked (Renewed)",5.0,1.0,529.97
"Apple iPhone 11 Pro Max (256GB, Gold) - AT&T/T-Mobile Unlocked (Renewed)",4.5,4.0,529.97
"Apple iPhone 11 Pro Max (64GB, Gold) - AT&T/T-Mobile Unlocked (Renewed)",3.8,10.0,449.97
"Apple iPhone 13 Pro, 512GB, Alpine Green - Unlocked (Renewed)",4.6,8.0,991.98
"Apple iPhone 11 Pro Max (64GB, Silver) - AT&T/T-Mobile Unlocked (Renewed)",0.0,,549.97
"Apple iPhone 12, 64GB, Blue - Unlocked (Renewed Premium)",4.4,101.0,479.99
"Apple iPhone 12 Mini, 64GB, Red - Cricket Wireless (Renewed)",5.0,2.0,
"Apple iPhone 13 Pro, 128GB, Alpine Green - T-Mobile (Renewed)",5.0,2.0,
"Total by Verizon iPhone 11, 64GB, Black - Prepaid Smartphone (Locked)",3.6,44.0,320.0
"Apple iPhone 12 Mini, 64GB, Blue - Unlocked (Renewed Premium)",4.1,44.0,418.51
"Apple iPhone 12 Mini, 64GB, Black - Cricket Wireless (Renewed)",4.1,3.0,
Qiilu Unlocked iPhone Celulares Desbloqueados Landvo Ip12 Pro 6.26In Screen Face Recognition Dual Card Dual Standby Smart Phone 1 8Gb(Black) (Black),0.0,,86.39
Qiilu Unlocked iPhone Celulares Desbloqueados Landvo Ip12 Pro 6.26In Screen Face Recognition Dual Card Dual Standby Smart Phone 1 8Gb(Black) (Black),0.0,,86.39
"Apple iPhone 11 64GB, White - Locked Cricket Wireless (Renewed)",3.0,1.0,
Tracfone Apple iPhone 8 Plus 4G LTE Prepaid Smartphone - 64GB - Space Gray - Carrier Locked,4.3,55.0,
"Apple iPhone 12 Mini, 64GB, White - Cricket Wireless (Renewed)",5.0,1.0,
"iPhone SE 32GB Silver, Unlocked 2016 1st Generation",3.5,403.0,
"Apple iPhone X (64GB, Space Gray) [Locked] + Carrier Subscription",0.0,,812.85
"Apple iPhone 12 Pro, 128GB, Silver - Unlocked (Renewed Premium)",3.3,16.0,901.0
"Apple iPhone XR, T-Mobile, 256GB - Black (Renewed)",4.4,2.0,340.0
"Apple iPhone 12 Pro, 128GB, Silver - Unlocked (Renewed Premium)",3.3,16.0,901.0
"Apple iPhone XR, T-Mobile, 256GB - Black (Renewed)",4.4,2.0,340.0
Tracfone Apple iPhone 7 4G LTE Prepaid Smartphone - 32GB - Black - Carrier Locked,4.5,632.0,
"Apple iPhone 11 Pro Max (512GB, Silver) - AT&T/T-Mobile Unlocked (Renewed)",0.0,,
"Apple iPhone 8 4.7in, 256 GB, AT&T, Gold Locked to AT&T (Renewed)",4.1,25.0,212.0
"Apple iPhone 12 Pro, 512GB, Silver - Unlocked (Renewed Premium)",4.5,2.0,829.0
"Apple iPhone 8 4.7in, 256 GB, AT&T, Gold Locked to AT&T (Renewed)",4.1,25.0,212.0
"Apple iPhone 12 Pro, 512GB, Silver - Unlocked (Renewed Premium)",4.5,2.0,829.0
"Apple iPhone 12 Mini, 128GB, Black - Unlocked (Renewed Premium)",4.8,13.0,
TracFone iPhone SE 5G Red - Prepaid Feature Phone,3.5,4.0,399.0
"Apple iPhone 11 Pro, 256GB, Midnight Green - for T-Mobile (Renewed)",4.5,2.0,429.97
"Apple iPhone 12 Mini, 256GB, Purple - Unlocked (Renewed Premium)",5.0,2.0,565.0
"Apple iPhone 12 Mini, 128GB, Purple - Unlocked (Renewed Premium)",4.2,9.0,490.89
TracFone iPhone SE 5G Black - Prepaid Feature Phone,3.7,3.0,399.0
